order-no,mac-address,serial-id,cert-id,esp-secure-cert-partition,commissionable-data-provider-partition,qrcode,manualcode,discriminator,passcode
,,A09000500,Polyaire-DAC-0x146D-0x0001-A09000500-Cert,dc19b802-47e1-4c5b-bf01-5279442482fc_esp_secure_cert.bin,dc19b802-47e1-4c5b-bf01-5279442482fc-partition.bin,MT:Y1CA00O6148F-405J10,1169-154-3426,1428,71139859
,,A09000501,Polyaire-DAC-0x146D-0x0001-A09000501-Cert,30fa7817-5778-4690-bcc4-666f97fe3b75_esp_secure_cert.bin,30fa7817-5778-4690-bcc4-666f97fe3b75-partition.bin,MT:Y1CA0GAN16T0HM5K210,1555-363-0818,1806,50485488
,,A09000502,Polyaire-DAC-0x146D-0x0001-A09000502-Cert,f84ea97a-382a-4137-8d01-ee15ee00a89c_esp_secure_cert.bin,f84ea97a-382a-4137-8d01-ee15ee00a89c-partition.bin,MT:Y1CA08-E15OZQK1.K00,3554-431-5949,3861,26122387
,,A09000503,Polyaire-DAC-0x146D-0x0001-A09000503-Cert,31aa086f-e761-468e-b46c-fbc088f30b91_esp_secure_cert.bin,31aa086f-e761-468e-b46c-fbc088f30b91-partition.bin,MT:Y1CA0M.R028.DL3O010,2472-752-9363,2578,48117931
,,A09000504,Polyaire-DAC-0x146D-0x0001-A09000504-Cert,6fff2bcf-539c-471f-8d5e-038db35a55a8_esp_secure_cert.bin,6fff2bcf-539c-471f-8d5e-038db35a55a8-partition.bin,MT:Y1CA0OMV17.N7A2BK10,1092-384-4303,1247,72590358
,,A09000800,Polyaire-DAC-0x146D-0x0001-A09000800-Cert,c4e30c0d-8e6b-487b-a975-e1f1783b5250_esp_secure_cert.bin,c4e30c0d-8e6b-487b-a975-e1f1783b5250-partition.bin,MT:Y1CA08-E15PKCG6BY00,1261-852-6074,1293,42722889
,,A09000801,Polyaire-DAC-0x146D-0x0001-A09000801-Cert,ccbf68d9-dba7-47c6-a324-af5ef0d2b564_esp_secure_cert.bin,ccbf68d9-dba7-47c6-a324-af5ef0d2b564-partition.bin,MT:Y1CA0OMV17.9BR6G900,2273-600-7178,2431,11758304
,,A09000802,Polyaire-DAC-0x146D-0x0001-A09000802-Cert,becab3b0-0923-4673-859c-c8443867c1c3_esp_secure_cert.bin,becab3b0-0923-4673-859c-c8443867c1c3-partition.bin,MT:Y1CA0OMV17F1JC3ZN10,1299-414-7066,1423,77116661
,,A09000803,Polyaire-DAC-0x146D-0x0001-A09000803-Cert,58579208-10f0-4fd3-9b40-77f76760cb1d_esp_secure_cert.bin,58579208-10f0-4fd3-9b40-77f76760cb1d-partition.bin,MT:Y1CA0OMV17EZ6R1.D10,2561-373-9509,2951,64723785
,,A09000804,Polyaire-DAC-0x146D-0x0001-A09000804-Cert,e308b05e-923a-4f8b-8e92-3ac026145860_esp_secure_cert.bin,e308b05e-923a-4f8b-8e92-3ac026145860-partition.bin,MT:Y1CA0UB-03EEUF03700,1016-930-5387,1043,8816285
,,A09000805,Polyaire-DAC-0x146D-0x0001-A09000805-Cert,bab8c2d1-7add-4036-853b-fe58f7558efd_esp_secure_cert.bin,bab8c2d1-7add-4036-853b-fe58f7558efd-partition.bin,MT:Y1CA0GAN16NBJ14CS00,2492-192-1532,3054,35274819
,,A09000806,Polyaire-DAC-0x146D-0x0001-A09000806-Cert,745da666-6fdf-4eff-82c5-cca36d8d66ff_esp_secure_cert.bin,745da666-6fdf-4eff-82c5-cca36d8d66ff-partition.bin,MT:Y1CA00O614W6ZC4V110,1340-593-0271,1668,49595659
,,A09000807,Polyaire-DAC-0x146D-0x0001-A09000807-Cert,68fec4d2-d348-47a3-9cbd-2264a6ef86e9_esp_secure_cert.bin,68fec4d2-d348-47a3-9cbd-2264a6ef86e9-partition.bin,MT:Y1CA08-E15ZBBR1H400,0233-820-3388,333,5544790
,,A09000808,Polyaire-DAC-0x146D-0x0001-A09000808-Cert,a0508a3a-721c-4377-8527-978ab8b98d2c_esp_secure_cert.bin,a0508a3a-721c-4377-8527-978ab8b98d2c-partition.bin,MT:Y1CA0EPJ01WQ316QO00,3245-521-8774,3329,30760936
,,A09000809,Polyaire-DAC-0x146D-0x0001-A09000809-Cert,6e21a02b-7f6e-461a-9dfa-886b058259fb_esp_secure_cert.bin,6e21a02b-7f6e-461a-9dfa-886b058259fb-partition.bin,MT:Y1CA0EPJ015NRN4YY00,3516-002-6530,3865,43469200
,,A09000810,Polyaire-DAC-0x146D-0x0001-A09000810-Cert,f7d1ae1b-b73c-4765-a1ef-cb1c4086b2a4_esp_secure_cert.bin,f7d1ae1b-b73c-4765-a1ef-cb1c4086b2a4-partition.bin,MT:Y1CA0UB-0382.H7XY00,0468-182-6518,643,43448034
,,A09000811,Polyaire-DAC-0x146D-0x0001-A09000811-Cert,bdd22c8b-279e-46ca-9859-96dd013f5fea_esp_secure_cert.bin,bdd22c8b-279e-46ca-9859-96dd013f5fea-partition.bin,MT:Y1CA0M.R0219R83ZM10,3131-514-6305,3226,75871071
,,A09000812,Polyaire-DAC-0x146D-0x0001-A09000812-Cert,b07c1e7a-1d3f-484b-8643-a5e1a97a4413_esp_secure_cert.bin,b07c1e7a-1d3f-484b-8643-a5e1a97a4413-partition.bin,MT:Y1CA0EPJ015D5G1VF10,1221-864-0905,1465,67016362
,,A09000813,Polyaire-DAC-0x146D-0x0001-A09000813-Cert,518d4bf4-1fec-4504-91a6-b2e34a389da6_esp_secure_cert.bin,518d4bf4-1fec-4504-91a6-b2e34a389da6-partition.bin,MT:Y1CA0M.R0255VG3OQ00,0467-882-0243,634,33175236
,,A09000814,Polyaire-DAC-0x146D-0x0001-A09000814-Cert,cbf18a05-ed85-4fea-bfba-1051c46ea776_esp_secure_cert.bin,cbf18a05-ed85-4fea-bfba-1051c46ea776-partition.bin,MT:Y1CA08-E15B8XO4MN00,3353-391-7936,3837,29379083
,,A09000815,Polyaire-DAC-0x146D-0x0001-A09000815-Cert,4a5d7766-f937-4efc-ba38-96736e7053f9_esp_secure_cert.bin,4a5d7766-f937-4efc-ba38-96736e7053f9-partition.bin,MT:Y1CA08-E158KD53X-00,2291-752-8022,2533,45920759
,,A09000816,Polyaire-DAC-0x146D-0x0001-A09000816-Cert,fa11b42b-730f-4d7d-8ea5-e191b4951023_esp_secure_cert.bin,fa11b42b-730f-4d7d-8ea5-e191b4951023-partition.bin,MT:Y1CA00O614B9E70K.10,1335-585-7403,1548,94044950
,,A09000817,Polyaire-DAC-0x146D-0x0001-A09000817-Cert,ab164cbc-c593-4216-8423-3e0a0c01d735_esp_secure_cert.bin,ab164cbc-c593-4216-8423-3e0a0c01d735-partition.bin,MT:Y1CA06DB000WZG46R10,3508-734-9534,3936,81151673
,,A09000818,Polyaire-DAC-0x146D-0x0001-A09000818-Cert,19fe48ef-8e25-4297-9cc3-a70619172e2d_esp_secure_cert.bin,19fe48ef-8e25-4297-9cc3-a70619172e2d-partition.bin,MT:Y1CA0M.R02CAV22Y120,2248-315-9207,2466,97001727
,,A09000819,Polyaire-DAC-0x146D-0x0001-A09000819-Cert,38dbd1ed-665a-474f-8c8b-ae22d6426681_esp_secure_cert.bin,38dbd1ed-665a-474f-8c8b-ae22d6426681-partition.bin,MT:Y1CA06DB00O2SS5CV00,2398-262-3815,2592,39017362
,,A09000820,Polyaire-DAC-0x146D-0x0001-A09000820-Cert,17bab488-65bd-4785-b925-88b3a395a954_esp_secure_cert.bin,17bab488-65bd-4785-b925-88b3a395a954-partition.bin,MT:Y1CA00O614XGUD04J10,0178-634-3404,396,71108039
,,A09000821,Polyaire-DAC-0x146D-0x0001-A09000821-Cert,10a6210a-3b35-43e2-83ee-8813a53aa996_esp_secure_cert.bin,10a6210a-3b35-43e2-83ee-8813a53aa996-partition.bin,MT:Y1CA0EPJ01BZLS0NP10,2358-304-8346,2697,79203318
,,A09000822,Polyaire-DAC-0x146D-0x0001-A09000822-Cert,7302de7c-fba4-4889-9851-877f9fcc6d26_esp_secure_cert.bin,7302de7c-fba4-4889-9851-877f9fcc6d26-partition.bin,MT:Y1CA0OMV17UA8A3UY10,2460-805-5325,2775,90649600
,,A09000823,Polyaire-DAC-0x146D-0x0001-A09000823-Cert,b6158ef9-9c5c-44e0-bc0d-3014dccd578b_esp_secure_cert.bin,b6158ef9-9c5c-44e0-bc0d-3014dccd578b-partition.bin,MT:Y1CA0GAN167Z5615O00,1047-321-8344,1134,30052988
,,A09000824,Polyaire-DAC-0x146D-0x0001-A09000824-Cert,dee047d1-c2d3-4b6f-a9bb-75672c7a6b6e_esp_secure_cert.bin,dee047d1-c2d3-4b6f-a9bb-75672c7a6b6e-partition.bin,MT:Y1CA0OMV17W7N963G10,0418-494-1112,759,67363705
,,A09000825,Polyaire-DAC-0x146D-0x0001-A09000825-Cert,fce047aa-2f4e-47ad-9617-a0cf7fc68211_esp_secure_cert.bin,fce047aa-2f4e-47ad-9617-a0cf7fc68211-partition.bin,MT:Y1CA00O61493XK1C-00,1063-092-7600,1148,45226149
,,A09000826,Polyaire-DAC-0x146D-0x0001-A09000826-Cert,2a6cabd1-4fe8-4cec-9982-2bc9d46bda41_esp_secure_cert.bin,2a6cabd1-4fe8-4cec-9982-2bc9d46bda41-partition.bin,MT:Y1CA0EPJ01-FXQ68120,3436-995-8694,3729,96168627
,,A09000827,Polyaire-DAC-0x146D-0x0001-A09000827-Cert,279725ba-a5b9-4bed-b006-473b3de2c33a_esp_secure_cert.bin,279725ba-a5b9-4bed-b006-473b3de2c33a-partition.bin,MT:Y1CA0GAN16XERF4I.10,3507-425-7371,3918,93996598
,,A09000828,Polyaire-DAC-0x146D-0x0001-A09000828-Cert,fdd3dd91-e679-4096-bd20-6d9247ae1358_esp_secure_cert.bin,fdd3dd91-e679-4096-bd20-6d9247ae1358-partition.bin,MT:Y1CA06DB00B8EM1OU10,1392-385-2160,1688,85465414
,,A09000829,Polyaire-DAC-0x146D-0x0001-A09000829-Cert,ac23ef17-9f6f-40a1-be2d-f3c6d44e9c2a_esp_secure_cert.bin,ac23ef17-9f6f-40a1-be2d-f3c6d44e9c2a-partition.bin,MT:Y1CA06DB0046FI21D10,3428-843-8787,3744,63547268
,,A09000830,Polyaire-DAC-0x146D-0x0001-A09000830-Cert,e18daa5c-92b2-4adf-82fe-53587dd44c9d_esp_secure_cert.bin,e18daa5c-92b2-4adf-82fe-53587dd44c9d-partition.bin,MT:Y1CA08-E15DWEF7SK00,0465-411-5779,749,25851341
,,A09000831,Polyaire-DAC-0x146D-0x0001-A09000831-Cert,b5c93559-13de-4174-a3b8-05ef168b8222_esp_secure_cert.bin,b5c93559-13de-4174-a3b8-05ef168b8222-partition.bin,MT:Y1CA06DB001YZ92NK00,3255-941-5669,3464,25666554
,,A09000832,Polyaire-DAC-0x146D-0x0001-A09000832-Cert,de6fdf64-7012-4c9b-952a-d67b5731eb15_esp_secure_cert.bin,de6fdf64-7012-4c9b-952a-d67b5731eb15-partition.bin,MT:Y1CA0EPJ019ZP86EM10,2417-494-5897,2809,75195157
,,A09000833,Polyaire-DAC-0x146D-0x0001-A09000833-Cert,fd4c672d-42b7-44bf-835d-48e3703bbc0f_esp_secure_cert.bin,fd4c672d-42b7-44bf-835d-48e3703bbc0f-partition.bin,MT:Y1CA0OMV17UA895NK10,2213-504-4553,2327,72995686
,,A09000834,Polyaire-DAC-0x146D-0x0001-A09000834-Cert,0d20d17b-4845-4bfb-a1a1-d165dd288c39_esp_secure_cert.bin,0d20d17b-4845-4bfb-a1a1-d165dd288c39-partition.bin,MT:Y1CA06DB00OIHR1DW10,2070-155-3463,2048,87595879
,,A09000835,Polyaire-DAC-0x146D-0x0001-A09000835-Cert,9c364074-0ef3-48e4-94de-6df00e8642e8_esp_secure_cert.bin,9c364074-0ef3-48e4-94de-6df00e8642e8-partition.bin,MT:Y1CA0OMV17SGOV3PT00,3319-922-2543,3495,36945144
,,A09000836,Polyaire-DAC-0x146D-0x0001-A09000836-Cert,f1d09a5c-0361-4da7-bde3-bf5b8f81af86_esp_secure_cert.bin,f1d09a5c-0361-4da7-bde3-bf5b8f81af86-partition.bin,MT:Y1CA0OMV171Y0B3.C00,0133-990-9862,47,16168023
,,A09000837,Polyaire-DAC-0x146D-0x0001-A09000837-Cert,44564fe0-dc1d-4bdc-848e-b4c6039a3a9d_esp_secure_cert.bin,44564fe0-dc1d-4bdc-848e-b4c6039a3a9d-partition.bin,MT:Y1CA0M.R02YUNS1W-00,2071-402-8000,2066,45882340
,,A09000838,Polyaire-DAC-0x146D-0x0001-A09000838-Cert,ddaca61b-a88f-4f5a-8f1c-ec4a75743c20_esp_secure_cert.bin,ddaca61b-a88f-4f5a-8f1c-ec4a75743c20-partition.bin,MT:Y1CA0GAN16PIX97NI00,2623-341-4150,2958,23196542
,,A09000839,Polyaire-DAC-0x146D-0x0001-A09000839-Cert,b7396eaa-dbd3-4dd1-a04f-a60f6f175275_esp_secure_cert.bin,b7396eaa-dbd3-4dd1-a04f-a60f6f175275-partition.bin,MT:Y1CA0M.R02I88U5V.00,0072-172-8753,18,47111217
,,A09000840,Polyaire-DAC-0x146D-0x0001-A09000840-Cert,a551493a-4cf2-4062-b462-e51296e01f99_esp_secure_cert.bin,a551493a-4cf2-4062-b462-e51296e01f99-partition.bin,MT:Y1CA00O614PW9G38G00,0467-281-2324,620,20199048
,,A09000841,Polyaire-DAC-0x146D-0x0001-A09000841-Cert,5bf231ce-a91f-478f-8789-5eed0ad211c6_esp_secure_cert.bin,5bf231ce-a91f-478f-8789-5eed0ad211c6-partition.bin,MT:Y1CA0OMV171OQ22HR00,2084-342-0865,2127,34185458
,,A09000842,Polyaire-DAC-0x146D-0x0001-A09000842-Cert,78fbf675-3056-4f2f-8c42-3de8b0ec991e_esp_secure_cert.bin,78fbf675-3056-4f2f-8c42-3de8b0ec991e-partition.bin,MT:Y1CA0GAN164DE545020,1496-345-7873,1814,94814690
,,A09000843,Polyaire-DAC-0x146D-0x0001-A09000843-Cert,b11b60e9-f0f2-438e-bb6e-9ed457119ff2_esp_secure_cert.bin,b11b60e9-f0f2-438e-bb6e-9ed457119ff2-partition.bin,MT:Y1CA08-E15GLOE55100,1219-320-0870,1397,1430956
,,A09000844,Polyaire-DAC-0x146D-0x0001-A09000844-Cert,3c778fc3-f6cb-49d6-95f4-1def4c1179c2_esp_secure_cert.bin,3c778fc3-f6cb-49d6-95f4-1def4c1179c2-partition.bin,MT:Y1CA0M.R02.8TJ22000,3102-630-0043,3210,75799
,,A09000845,Polyaire-DAC-0x146D-0x0001-A09000845-Cert,f9dc337f-57df-446e-97fd-dff0a28a06d2_esp_secure_cert.bin,f9dc337f-57df-446e-97fd-dff0a28a06d2-partition.bin,MT:Y1CA08-E15E5TV0SN10,2034-044-6928,2117,76877132
,,A09000846,Polyaire-DAC-0x146D-0x0001-A09000846-Cert,2c9d543b-654c-49bc-9546-5569211026bc_esp_secure_cert.bin,2c9d543b-654c-49bc-9546-5569211026bc-partition.bin,MT:Y1CA00O614HH.Z4RG10,3037-624-1594,3228,68144818
,,A09000847,Polyaire-DAC-0x146D-0x0001-A09000847-Cert,c1a1f68d-4f99-4ec9-9225-01b552127f12_esp_secure_cert.bin,c1a1f68d-4f99-4ec9-9225-01b552127f12-partition.bin,MT:Y1CA00O6146AJ-2NB00,2284-410-8821,2420,14462745
,,A09000848,Polyaire-DAC-0x146D-0x0001-A09000848-Cert,9aa1640e-b394-4f1f-bd6e-b508d063964a_esp_secure_cert.bin,9aa1640e-b394-4f1f-bd6e-b508d063964a-partition.bin,MT:Y1CA06DB00269D7SD10,3135-423-9335,3216,64451814
,,A09000849,Polyaire-DAC-0x146D-0x0001-A09000849-Cert,620315a0-dffe-48d1-b9eb-254b15fc5c12_esp_secure_cert.bin,620315a0-dffe-48d1-b9eb-254b15fc5c12-partition.bin,MT:Y1CA00O614PIMH32W10,3632-545-3241,3884,87242518
,,A09000850,Polyaire-DAC-0x146D-0x0001-A09000850-Cert,a8ba51df-04fd-4628-88be-605694e47648_esp_secure_cert.bin,a8ba51df-04fd-4628-88be-605694e47648-partition.bin,MT:Y1CA0OMV17J0-N18010,0066-392-9048,223,47585775
,,A09000851,Polyaire-DAC-0x146D-0x0001-A09000851-Cert,b4e87dc2-16b7-4280-9ba4-19da2cc0d87c_esp_secure_cert.bin,b4e87dc2-16b7-4280-9ba4-19da2cc0d87c-partition.bin,MT:Y1CA0OMV17WUEW31700,3320-720-5344,3559,8764744
,,A09000852,Polyaire-DAC-0x146D-0x0001-A09000852-Cert,8c1186ab-6c54-4f8b-a328-8139fb4f267d_esp_secure_cert.bin,8c1186ab-6c54-4f8b-a328-8139fb4f267d-partition.bin,MT:Y1CA0M.R02801478I10,0617-074-2737,994,70021387
,,A09000853,Polyaire-DAC-0x146D-0x0001-A09000853-Cert,1e4adb7d-7d5e-4466-adf9-8e39f0b3cbcf_esp_secure_cert.bin,1e4adb7d-7d5e-4466-adf9-8e39f0b3cbcf-partition.bin,MT:Y1CA0EPJ01Z5Z-4O400,1530-150-3538,1897,5787415
,,A09000854,Polyaire-DAC-0x146D-0x0001-A09000854-Cert,b4df99f7-b29b-4b69-b147-48e10b404f29_esp_secure_cert.bin,b4df99f7-b29b-4b69-b147-48e10b404f29-partition.bin,MT:Y1CA06DB00527G6L000,3261-690-0438,3432,714297
,,A09000855,Polyaire-DAC-0x146D-0x0001-A09000855-Cert,472e3bca-3489-4d06-a9bb-fdd19eaf167a_esp_secure_cert.bin,472e3bca-3489-4d06-a9bb-fdd19eaf167a-partition.bin,MT:Y1CA08-E154Q8M6IE00,1595-851-1019,1925,18049217
,,A09000856,Polyaire-DAC-0x146D-0x0001-A09000856-Cert,4ef77bea-5754-49d4-89c8-65e5286229ec_esp_secure_cert.bin,4ef77bea-5754-49d4-89c8-65e5286229ec-partition.bin,MT:Y1CA0M.R02W.VM2RF00,0269-771-1942,338,19573089
,,A09000857,Polyaire-DAC-0x146D-0x0001-A09000857-Cert,bb9a8a18-d4ca-4b35-9085-c4e35f0bd3e0_esp_secure_cert.bin,bb9a8a18-d4ca-4b35-9085-c4e35f0bd3e0-partition.bin,MT:Y1CA0GAN16HLD57XI10,3290-814-3236,3422,70840729
,,A09000858,Polyaire-DAC-0x146D-0x0001-A09000858-Cert,4bb6c0f7-5232-4b84-8387-c836cfa20e9e_esp_secure_cert.bin,4bb6c0f7-5232-4b84-8387-c836cfa20e9e-partition.bin,MT:Y1CA08-E15OMEL67P00,3594-941-9152,3941,31385702
,,A09000859,Polyaire-DAC-0x146D-0x0001-A09000859-Cert,18e5f671-2abf-43b5-8bea-a34297719451_esp_secure_cert.bin,18e5f671-2abf-43b5-8bea-a34297719451-partition.bin,MT:Y1CA08-E15VR-M62-00,2268-962-7410,2317,44919056
,,A09000860,Polyaire-DAC-0x146D-0x0001-A09000860-Cert,efd27b70-2f5d-40f2-9683-431c9a492165_esp_secure_cert.bin,efd27b70-2f5d-40f2-9683-431c9a492165-partition.bin,MT:Y1CA06DB00R2U94Y020,1501-075-8457,1976,95765435
,,A09000861,Polyaire-DAC-0x146D-0x0001-A09000861-Cert,02638c4d-2187-46fd-9d74-392c5a3f1442_esp_secure_cert.bin,02638c4d-2187-46fd-9d74-392c5a3f1442-partition.bin,MT:Y1CA08-E15XGHP27W00,2108-732-4467,2285,40086137
,,A09000862,Polyaire-DAC-0x146D-0x0001-A09000862-Cert,9263c305-ea94-4dfc-9463-901b0867368a_esp_secure_cert.bin,9263c305-ea94-4dfc-9463-901b0867368a-partition.bin,MT:Y1CA0GAN164DFA4O800,0174-050-6575,502,10765309
,,A09000863,Polyaire-DAC-0x146D-0x0001-A09000863-Cert,f882a125-b73c-4515-a3e8-442bb03ccc08_esp_secure_cert.bin,f882a125-b73c-4515-a3e8-442bb03ccc08-partition.bin,MT:Y1CA00O614ZACP10000,1559-380-0006,1980,6786
,,A09000864,Polyaire-DAC-0x146D-0x0001-A09000864-Cert,495904d1-4ffd-44d3-ad91-5409f61abe3f_esp_secure_cert.bin,495904d1-4ffd-44d3-ad91-5409f61abe3f-partition.bin,MT:Y1CA0OMV17XDU64OM10,3006-344-6090,3263,75514490
,,A09000865,Polyaire-DAC-0x146D-0x0001-A09000865-Cert,8eebe66e-c912-4393-8643-788d95ee4195_esp_secure_cert.bin,8eebe66e-c912-4393-8643-788d95ee4195-partition.bin,MT:Y1CA0OMV17L9790AK10,3501-364-4283,4095,72549336
,,A09000866,Polyaire-DAC-0x146D-0x0001-A09000866-Cert,ab9e5b80-3bfd-40bd-bfb0-d24183859ee7_esp_secure_cert.bin,ab9e5b80-3bfd-40bd-bfb0-d24183859ee7-partition.bin,MT:Y1CA0GAN167ZVN4M220,0188-455-9734,494,97864093
,,A09000867,Polyaire-DAC-0x146D-0x0001-A09000867-Cert,5315fbf6-5d6f-4836-8770-8f4732dae605_esp_secure_cert.bin,5315fbf6-5d6f-4836-8770-8f4732dae605-partition.bin,MT:Y1CA0UB-03UF9Z0DB10,2201-613-7501,2339,61443777
,,A09000868,Polyaire-DAC-0x146D-0x0001-A09000868-Cert,e9ff603c-426b-4ed7-9b6d-648a654497ee_esp_secure_cert.bin,e9ff603c-426b-4ed7-9b6d-648a654497ee-partition.bin,MT:Y1CA0UB-03Y5O264W10,2411-015-3296,2691,87318669
,,A09000869,Polyaire-DAC-0x146D-0x0001-A09000869-Cert,6fe67276-dee9-4c4c-8eb4-842ffca6fca7_esp_secure_cert.bin,6fe67276-dee9-4c4c-8eb4-842ffca6fca7-partition.bin,MT:Y1CA0OMV1748-.24P00,2122-121-9080,2279,31272884
,,A09000870,Polyaire-DAC-0x146D-0x0001-A09000870-Cert,f98f159a-5dc0-4eb3-b2a2-5924a24a3061_esp_secure_cert.bin,f98f159a-5dc0-4eb3-b2a2-5924a24a3061-partition.bin,MT:Y1CA08-E157AUV39C10,1156-253-8185,1181,62569737
,,A09000871,Polyaire-DAC-0x146D-0x0001-A09000871-Cert,0482580e-cb9b-43ab-9c8e-d0c523a50d54_esp_secure_cert.bin,0482580e-cb9b-43ab-9c8e-d0c523a50d54-partition.bin,MT:Y1CA0M.R0201AD5CS00,0381-682-1530,690,35280152
,,A09000872,Polyaire-DAC-0x146D-0x0001-A09000872-Cert,ec1f3e9a-ac51-44b1-9931-cb0c33f7fd17_esp_secure_cert.bin,ec1f3e9a-ac51-44b1-9931-cb0c33f7fd17-partition.bin,MT:Y1CA00O614XI882-700,1417-940-6048,1644,9904962
,,A09000873,Polyaire-DAC-0x146D-0x0001-A09000873-Cert,4f99b0dd-9441-43fc-be19-146686d6e04d_esp_secure_cert.bin,4f99b0dd-9441-43fc-be19-146686d6e04d-partition.bin,MT:Y1CA08-E15AAC.7OM10,2488-914-6093,2805,75529979
,,A09000874,Polyaire-DAC-0x146D-0x0001-A09000874-Cert,6071aebe-e5da-45f1-8cf7-105765f01956_esp_secure_cert.bin,6071aebe-e5da-45f1-8cf7-105765f01956-partition.bin,MT:Y1CA08-E15ESDU68L10,0276-894-5015,469,73755689
,,A09000875,Polyaire-DAC-0x146D-0x0001-A09000875-Cert,53fc7d7f-33ba-4f9c-958a-fe8497d4cec0_esp_secure_cert.bin,53fc7d7f-33ba-4f9c-958a-fe8497d4cec0-partition.bin,MT:Y1CA00O614VL2R7YF00,2314-081-2095,2540,19823280
,,A09000876,Polyaire-DAC-0x146D-0x0001-A09000876-Cert,aa597095-12bb-4c32-bc9e-f70583cada7f_esp_secure_cert.bin,aa597095-12bb-4c32-bc9e-f70583cada7f-partition.bin,MT:Y1CA00O614Z33A2Q210,2092-253-0925,2188,50668553
,,A09000877,Polyaire-DAC-0x146D-0x0001-A09000877-Cert,1dc64e40-563b-4f44-a2e5-6fdbce3510b7_esp_secure_cert.bin,1dc64e40-563b-4f44-a2e5-6fdbce3510b7-partition.bin,MT:Y1CA06DB002OCH4R410,2345-313-2473,2768,53200611
,,A09000878,Polyaire-DAC-0x146D-0x0001-A09000878-Cert,52df90e3-5ccd-4ea6-a717-9943704ad3e2_esp_secure_cert.bin,52df90e3-5ccd-4ea6-a717-9943704ad3e2-partition.bin,MT:Y1CA0M.R02W73M0F020,3187-505-8067,3378,95127870
,,A09000879,Polyaire-DAC-0x146D-0x0001-A09000879-Cert,e5f2231e-d2aa-4b23-9289-3a032d4affff_esp_secure_cert.bin,e5f2231e-d2aa-4b23-9289-3a032d4affff-partition.bin,MT:Y1CA06DB00DNM90YT00,1174-122-2720,1336,37225476
,,A09000880,Polyaire-DAC-0x146D-0x0001-A09000880-Cert,1e057b54-1475-4bcd-a069-fca7d46f47bd_esp_secure_cert.bin,1e057b54-1475-4bcd-a069-fca7d46f47bd-partition.bin,MT:Y1CA08-E15W1C.1-L10,3244-554-5564,3573,74653575
,,A09000881,Polyaire-DAC-0x146D-0x0001-A09000881-Cert,38336c5b-badd-4ddf-bfda-475fcc64c5b8_esp_secure_cert.bin,38336c5b-badd-4ddf-bfda-475fcc64c5b8-partition.bin,MT:Y1CA0GAN16SE6T5UW10,2398-725-3811,2694,88169408
,,A09000882,Polyaire-DAC-0x146D-0x0001-A09000882-Cert,8452530f-2c56-4b75-affa-a1e4ae49c5f6_esp_secure_cert.bin,8452530f-2c56-4b75-affa-a1e4ae49c5f6-partition.bin,MT:Y1CA0UB-03O76N1FH00,3557-061-3223,3987,21666202
,,A09000883,Polyaire-DAC-0x146D-0x0001-A09000883-Cert,e2e9cbed-fe0a-4c11-839f-84caf94bc944_esp_secure_cert.bin,e2e9cbed-fe0a-4c11-839f-84caf94bc944-partition.bin,MT:Y1CA0UB-03QTX031U00,3286-962-2828,3555,37400600
,,A09000884,Polyaire-DAC-0x146D-0x0001-A09000884-Cert,7609839d-bec5-4579-b22a-89d47678aae6_esp_secure_cert.bin,7609839d-bec5-4579-b22a-89d47678aae6-partition.bin,MT:Y1CA00O6149SD62A500,3252-100-4008,3500,6562426
,,A09000885,Polyaire-DAC-0x146D-0x0001-A09000885-Cert,8a45dd49-6cf4-4ccd-ae01-f86bf70e60f7_esp_secure_cert.bin,8a45dd49-6cf4-4ccd-ae01-f86bf70e60f7-partition.bin,MT:Y1CA0M.R02GUIT26020,0276-905-7882,290,94841898
,,A09000886,Polyaire-DAC-0x146D-0x0001-A09000886-Cert,7144d47f-e6f6-4c41-948e-d3963d6ed7a8_esp_secure_cert.bin,7144d47f-e6f6-4c41-948e-d3963d6ed7a8-partition.bin,MT:Y1CA0OMV171O9V6G310,2441-683-1495,2799,51604616
,,A09000887,Polyaire-DAC-0x146D-0x0001-A09000887-Cert,bd9a1529-2a55-4e6b-832c-a04c88a9fc7f_esp_secure_cert.bin,bd9a1529-2a55-4e6b-832c-a04c88a9fc7f-partition.bin,MT:Y1CA0OMV17RROG3G320,0303-866-0367,367,98907826
,,A09000888,Polyaire-DAC-0x146D-0x0001-A09000888-Cert,b276f092-1f75-4481-9805-f5bb811d3393_esp_secure_cert.bin,b276f092-1f75-4481-9805-f5bb811d3393-partition.bin,MT:Y1CA0M.R028CP27GU00,1615-612-3131,1954,37908601
,,A09000889,Polyaire-DAC-0x146D-0x0001-A09000889-Cert,d99cb9ba-b00c-41c4-af96-2b64e9765e2b_esp_secure_cert.bin,d99cb9ba-b00c-41c4-af96-2b64e9765e2b-partition.bin,MT:Y1CA0EPJ01IGTO5T700,3066-330-5912,3249,9689577
,,A09000890,Polyaire-DAC-0x146D-0x0001-A09000890-Cert,8919c6ae-0914-4966-b366-bde3f114f006_esp_secure_cert.bin,8919c6ae-0914-4966-b366-bde3f114f006-partition.bin,MT:Y1CA08-E156KL33TC10,3289-833-8584,3413,63222071
,,A09000891,Polyaire-DAC-0x146D-0x0001-A09000891-Cert,4617a5e0-8735-4f18-adb6-020b96c377e2_esp_secure_cert.bin,4617a5e0-8735-4f18-adb6-020b96c377e2-partition.bin,MT:Y1CA00O614KU4V1J-10,1401-765-6628,1668,92773616
,,A09000892,Polyaire-DAC-0x146D-0x0001-A09000892-Cert,5182f98f-6c16-437d-9d51-8b3e8e48874f_esp_secure_cert.bin,5182f98f-6c16-437d-9d51-8b3e8e48874f-partition.bin,MT:Y1CA0M.R02HH2Z4N010,0200-482-9355,314,48090704
,,A09000893,Polyaire-DAC-0x146D-0x0001-A09000893-Cert,87a798dc-2d1f-4638-bece-d37632091148_esp_secure_cert.bin,87a798dc-2d1f-4638-bece-d37632091148-partition.bin,MT:Y1CA00O614ZATF6J910,1261-253-6118,1500,59172365
,,A09000894,Polyaire-DAC-0x146D-0x0001-A09000894-Cert,d86a7517-d4ee-48f3-8458-4316d918a721_esp_secure_cert.bin,d86a7517-d4ee-48f3-8458-4316d918a721-partition.bin,MT:Y1CA08-E15QV7B44S00,0174-912-1377,453,35013715
,,A09000895,Polyaire-DAC-0x146D-0x0001-A09000895-Cert,3bac6d91-6d81-4c25-a5a7-4f730837e24b_esp_secure_cert.bin,3bac6d91-6d81-4c25-a5a7-4f730837e24b-partition.bin,MT:Y1CA0M.R02S4W83HA00,2295-490-7946,2338,13022061
,,A09000896,Polyaire-DAC-0x146D-0x0001-A09000896-Cert,eb80bd13-444f-4dc8-a4ad-edf0b033ae08_esp_secure_cert.bin,eb80bd13-444f-4dc8-a4ad-edf0b033ae08-partition.bin,MT:Y1CA0GAN16ZI3U1I910,2072-973-6089,2270,59120769
,,A09000897,Polyaire-DAC-0x146D-0x0001-A09000897-Cert,ea6af7e0-934a-4fd9-b1fa-297eb993f264_esp_secure_cert.bin,ea6af7e0-934a-4fd9-b1fa-297eb993f264-partition.bin,MT:Y1CA0EPJ01DOUG7A810,3466-923-5171,3625,57636452
,,A09000898,Polyaire-DAC-0x146D-0x0001-A09000898-Cert,9572f57a-20ff-4d2c-80f4-beee1fa0ebd7_esp_secure_cert.bin,9572f57a-20ff-4d2c-80f4-beee1fa0ebd7-partition.bin,MT:Y1CA00O614EWD-62V10,1611-005-2490,1812,86011564
,,A09000899,Polyaire-DAC-0x146D-0x0001-A09000899-Cert,c28b2506-cf8d-4a0c-941f-9ff3514ad19e_esp_secure_cert.bin,c28b2506-cf8d-4a0c-941f-9ff3514ad19e-partition.bin,MT:Y1CA00O614LBBI2TO00,0101-061-8827,156,30844794
,,A09000900,Polyaire-DAC-0x146D-0x0001-A09000900-Cert,7cc42b05-21de-43b6-abd2-e44340dc3101_esp_secure_cert.bin,7cc42b05-21de-43b6-abd2-e44340dc3101-partition.bin,MT:Y1CA0GAN164Q2Q4C900,0354-680-7093,710,11618956
,,A09000901,Polyaire-DAC-0x146D-0x0001-A09000901-Cert,7816d777-c378-440c-bfda-b9d7fd837168_esp_secure_cert.bin,7816d777-c378-440c-bfda-b9d7fd837168-partition.bin,MT:Y1CA00O614AL2219020,0206-785-7948,388,94933190
,,A09000902,Polyaire-DAC-0x146D-0x0001-A09000902-Cert,bd57455b-ba23-4ea0-b2b7-8e64ff3a9a3e_esp_secure_cert.bin,bd57455b-ba23-4ea0-b2b7-8e64ff3a9a3e-partition.bin,MT:Y1CA00O614RPT13FZ00,1615-602-6909,1900,44085368
,,A09000903,Polyaire-DAC-0x146D-0x0001-A09000903-Cert,92fedec0-b02b-49cb-a77a-838462de8927_esp_secure_cert.bin,92fedec0-b02b-49cb-a77a-838462de8927-partition.bin,MT:Y1CA0UB-031A7I55F00,0550-801-1516,971,18863912
,,A09000904,Polyaire-DAC-0x146D-0x0001-A09000904-Cert,a1929e5c-42cb-4822-9a8d-5e3182b8c0f9_esp_secure_cert.bin,a1929e5c-42cb-4822-9a8d-5e3182b8c0f9-partition.bin,MT:Y1CA0UB-036ZHZ0.H10,2201-854-2545,2339,69701337
,,A09000905,Polyaire-DAC-0x146D-0x0001-A09000905-Cert,d9c45302-88c5-432d-9669-d072cb2e8ee7_esp_secure_cert.bin,d9c45302-88c5-432d-9669-d072cb2e8ee7-partition.bin,MT:Y1CA0GAN1618F-5-600,2570-310-5291,3054,8675015
,,A09000906,Polyaire-DAC-0x146D-0x0001-A09000906-Cert,ae301d13-93a2-4bf3-a7f6-892113b92a17_esp_secure_cert.bin,ae301d13-93a2-4bf3-a7f6-892113b92a17-partition.bin,MT:Y1CA08-E156NGW7LX10,0319-845-4393,261,89128176
,,A09000907,Polyaire-DAC-0x146D-0x0001-A09000907-Cert,ddb386a2-3bb5-4235-adc0-54ed7beae14a_esp_secure_cert.bin,ddb386a2-3bb5-4235-adc0-54ed7beae14a-partition.bin,MT:Y1CA00O614S3DI62O10,0591-694-7170,916,77293345
,,A09000908,Polyaire-DAC-0x146D-0x0001-A09000908-Cert,a71166dd-6ba1-4b06-9599-f3bd177c0dd8_esp_secure_cert.bin,a71166dd-6ba1-4b06-9599-f3bd177c0dd8-partition.bin,MT:Y1CA0OMV17IOMQ2Q.00,1437-632-8646,1623,46934771
,,A09000909,Polyaire-DAC-0x146D-0x0001-A09000909-Cert,e65952f8-3b69-4917-8b1c-a5f2926245d2_esp_secure_cert.bin,e65952f8-3b69-4917-8b1c-a5f2926245d2-partition.bin,MT:Y1CA08-E15KQUR5P510,3397-263-3198,3589,54385454
,,A09000910,Polyaire-DAC-0x146D-0x0001-A09000910-Cert,b481670a-4a89-4a22-a72a-f59005036743_esp_secure_cert.bin,b481670a-4a89-4a22-a72a-f59005036743-partition.bin,MT:Y1CA0OMV174VCX3U310,1485-583-1766,1719,52051374
,,A09000911,Polyaire-DAC-0x146D-0x0001-A09000911-Cert,d3765139-7771-4a4d-8674-392400e69f24_esp_secure_cert.bin,d3765139-7771-4a4d-8674-392400e69f24-partition.bin,MT:Y1CA08-E15CNT-1UA00,0571-660-8207,981,13442894
,,A09000912,Polyaire-DAC-0x146D-0x0001-A09000912-Cert,e3c1ea29-9fa6-49a1-8216-d69a3ab539da_esp_secure_cert.bin,e3c1ea29-9fa6-49a1-8216-d69a3ab539da-partition.bin,MT:Y1CA0EPJ0140M615600,2211-610-4660,2529,7639721
,,A09000913,Polyaire-DAC-0x146D-0x0001-A09000913-Cert,485cb658-896d-40ce-ac32-40cb0e9e07d2_esp_secure_cert.bin,485cb658-896d-40ce-ac32-40cb0e9e07d2-partition.bin,MT:Y1CA00O614F4Y.6OK00,3121-121-5693,3132,25718608
,,A09000914,Polyaire-DAC-0x146D-0x0001-A09000914-Cert,44dbeeee-0fde-4651-82ad-a082cc190be8_esp_secure_cert.bin,44dbeeee-0fde-4651-82ad-a082cc190be8-partition.bin,MT:Y1CA0GAN16FI297ZQ00,1130-952-0470,1118,33551143
,,A09000915,Polyaire-DAC-0x146D-0x0001-A09000915-Cert,386e2cb7-e568-4344-aea5-8e0edb348e20_esp_secure_cert.bin,386e2cb7-e568-4344-aea5-8e0edb348e20-partition.bin,MT:Y1CA0EPJ01FDG93BV00,1132-282-3783,1065,38974380
,,A09000916,Polyaire-DAC-0x146D-0x0001-A09000916-Cert,b82585c2-f732-49a0-ba84-46c6be83f359_esp_secure_cert.bin,b82585c2-f732-49a0-ba84-46c6be83f359-partition.bin,MT:Y1CA0EPJ01Y63257Z10,3533-535-5639,3985,91148393
,,A09000917,Polyaire-DAC-0x146D-0x0001-A09000917-Cert,2988ef66-0bda-479e-8f68-3c87b318b0ab_esp_secure_cert.bin,2988ef66-0bda-479e-8f68-3c87b318b0ab-partition.bin,MT:Y1CA0UB-032CYR1DE00,3562-141-0909,3923,17865622
,,A09000918,Polyaire-DAC-0x146D-0x0001-A09000918-Cert,47e84a56-2971-476c-b0b9-a2be4d996c3a_esp_secure_cert.bin,47e84a56-2971-476c-b0b9-a2be4d996c3a-partition.bin,MT:Y1CA0EPJ01.02X79900,0320-500-7035,425,11533618
,,A09000919,Polyaire-DAC-0x146D-0x0001-A09000919-Cert,caa53742-b04a-4ef2-81dd-3e2165a08760_esp_secure_cert.bin,caa53742-b04a-4ef2-81dd-3e2165a08760-partition.bin,MT:Y1CA00O614XBI86UK00,0581-121-5813,860,25912064
,,A09000920,Polyaire-DAC-0x146D-0x0001-A09000920-Cert,aa864cd8-8e83-49ce-b4b0-3b5bbaf3a488_esp_secure_cert.bin,aa864cd8-8e83-49ce-b4b0-3b5bbaf3a488-partition.bin,MT:Y1CA0OMV17BH6W64D10,3442-663-8852,3663,63663338
,,A09000921,Polyaire-DAC-0x146D-0x0001-A09000921-Cert,c5d987c7-e995-43de-bdda-bcf359cfc27b_esp_secure_cert.bin,c5d987c7-e995-43de-bdda-bcf359cfc27b-partition.bin,MT:Y1CA0EPJ01DO6X4CM10,2034-614-5856,2153,75124101
,,A09000922,Polyaire-DAC-0x146D-0x0001-A09000922-Cert,d7641dd5-d935-4d8d-a396-6a0e851c5d3e_esp_secure_cert.bin,d7641dd5-d935-4d8d-a396-6a0e851c5d3e-partition.bin,MT:Y1CA0M.R02YHQ10IA00,3165-650-7963,3394,13041845
,,A09000923,Polyaire-DAC-0x146D-0x0001-A09000923-Cert,d0dd3d20-b1c8-4163-913e-2abe724bcc81_esp_secure_cert.bin,d0dd3d20-b1c8-4163-913e-2abe724bcc81-partition.bin,MT:Y1CA00O6140E0O7EY10,3474-645-5013,3620,90143080
,,A09000924,Polyaire-DAC-0x146D-0x0001-A09000924-Cert,ff0170bd-cce6-4cc4-a4ca-fbcb0fe43cb6_esp_secure_cert.bin,ff0170bd-cce6-4cc4-a4ca-fbcb0fe43cb6-partition.bin,MT:Y1CA0UB-03M68928410,2419-003-2089,2707,52569004
,,A09000925,Polyaire-DAC-0x146D-0x0001-A09000925-Cert,22c3e1e9-9f11-4bbf-a401-fa4db878e18a_esp_secure_cert.bin,22c3e1e9-9f11-4bbf-a401-fa4db878e18a-partition.bin,MT:Y1CA00O614AP-T16000,3400-510-0127,3780,203891
,,A09000926,Polyaire-DAC-0x146D-0x0001-A09000926-Cert,1ed006e3-188a-444b-be18-dd30b447c99e_esp_secure_cert.bin,1ed006e3-188a-444b-be18-dd30b447c99e-partition.bin,MT:Y1CA06DB00V7QR17Y10,0234-245-4869,328,89889664
,,A09000927,Polyaire-DAC-0x146D-0x0001-A09000927-Cert,e0beef6e-277a-42d5-b1ba-a8ea9c8261b7_esp_secure_cert.bin,e0beef6e-277a-42d5-b1ba-a8ea9c8261b7-partition.bin,MT:Y1CA08-E15C8L075T10,2285-675-1038,2309,83619735
,,A09000928,Polyaire-DAC-0x146D-0x0001-A09000928-Cert,0bb0960e-2961-4629-b807-1f42e65d9297_esp_secure_cert.bin,0bb0960e-2961-4629-b807-1f42e65d9297-partition.bin,MT:Y1CA0M.R02J9PB15M10,2380-904-5704,2602,74880202
,,A09000929,Polyaire-DAC-0x146D-0x0001-A09000929-Cert,70ac5e93-5793-4362-852c-4758db977e50_esp_secure_cert.bin,70ac5e93-5793-4362-852c-4758db977e50-partition.bin,MT:Y1CA0UB-03KR0C2QN10,0422-014-6881,691,76817625
,,A09000930,Polyaire-DAC-0x146D-0x0001-A09000930-Cert,36a3ff90-b7dd-4e79-bdea-c62b792ea1d4_esp_secure_cert.bin,36a3ff90-b7dd-4e79-bdea-c62b792ea1d4-partition.bin,MT:Y1CA06DB00.WNQ0L410,3028-533-2344,3208,52988709
,,A09000931,Polyaire-DAC-0x146D-0x0001-A09000931-Cert,7caada3b-ee22-440e-badf-bb81ef2f6f74_esp_secure_cert.bin,7caada3b-ee22-440e-badf-bb81ef2f6f74-partition.bin,MT:Y1CA06DB00V8QI1YX00,2224-592-5767,2488,42211259
,,A09000932,Polyaire-DAC-0x146D-0x0001-A09000932-Cert,f62f5256-1b84-4571-a286-7bd54970b67a_esp_secure_cert.bin,f62f5256-1b84-4571-a286-7bd54970b67a-partition.bin,MT:Y1CA0GAN16KDB87IB10,0293-973-7618,502,61633237
,,A09000933,Polyaire-DAC-0x146D-0x0001-A09000933-Cert,1a358b24-0508-4d6d-9634-72812c7f2248_esp_secure_cert.bin,1a358b24-0508-4d6d-9634-72812c7f2248-partition.bin,MT:Y1CA0UB-03L3AD5NU00,1217-842-3278,1467,38130968
,,A09000934,Polyaire-DAC-0x146D-0x0001-A09000934-Cert,b142a9d3-b03b-4c6a-9d65-fc7c7629d28d_esp_secure_cert.bin,b142a9d3-b03b-4c6a-9d65-fc7c7629d28d-partition.bin,MT:Y1CA0UB-03VV9L6UJ00,2103-291-5055,2219,24668249
,,A09000935,Polyaire-DAC-0x146D-0x0001-A09000935-Cert,05c4f093-8bf1-4a74-a8f1-541b7c1ad7d5_esp_secure_cert.bin,05c4f093-8bf1-4a74-a8f1-541b7c1ad7d5-partition.bin,MT:Y1CA0M.R02JT4Z57L10,0405-114-4992,586,73719359
,,A09000936,Polyaire-DAC-0x146D-0x0001-A09000936-Cert,5c59655d-8e40-4456-9431-02b6169e5326_esp_secure_cert.bin,5c59655d-8e40-4456-9431-02b6169e5326-partition.bin,MT:Y1CA0OMV17PEQP5O900,1231-160-7331,1519,12016204
,,A09000937,Polyaire-DAC-0x146D-0x0001-A09000937-Cert,7bd3d891-9473-4658-a137-e5e2bfef12c5_esp_secure_cert.bin,7bd3d891-9473-4658-a137-e5e2bfef12c5-partition.bin,MT:Y1CA08-E1545G45S710,3208-363-4774,3477,56971620
,,A09000938,Polyaire-DAC-0x146D-0x0001-A09000938-Cert,4daa4da9-58ed-4053-affd-8010b41bbc0d_esp_secure_cert.bin,4daa4da9-58ed-4053-affd-8010b41bbc0d-partition.bin,MT:Y1CA0OMV17VZ5F0Q.10,1180-085-7528,1391,94242392
,,A09000939,Polyaire-DAC-0x146D-0x0001-A09000939-Cert,9087ff4d-9818-4287-8616-621ae519c9fa_esp_secure_cert.bin,9087ff4d-9818-4287-8616-621ae519c9fa-partition.bin,MT:Y1CA0UB-0394MR62D10,0601-593-8813,779,63597311
,,A09000940,Polyaire-DAC-0x146D-0x0001-A09000940-Cert,fb771b71-5f24-4db0-af5d-6bb3a602d8bd_esp_secure_cert.bin,fb771b71-5f24-4db0-af5d-6bb3a602d8bd-partition.bin,MT:Y1CA06DB00C6H50ZU10,1005-845-2389,1120,85819976
,,A09000941,Polyaire-DAC-0x146D-0x0001-A09000941-Cert,bc1ac716-0f38-4501-b112-d4d7cee6c544_esp_secure_cert.bin,bc1ac716-0f38-4501-b112-d4d7cee6c544-partition.bin,MT:Y1CA0EPJ01RQUH2EX10,2264-375-4240,2361,88876869
,,A09000942,Polyaire-DAC-0x146D-0x0001-A09000942-Cert,43fcfb13-ab1a-43d7-a3e1-17f408cdc6a2_esp_secure_cert.bin,43fcfb13-ab1a-43d7-a3e1-17f408cdc6a2-partition.bin,MT:Y1CA00O6149.Y50S700,2006-340-5885,2108,9634426
,,A09000943,Polyaire-DAC-0x146D-0x0001-A09000943-Cert,dfad4f06-966d-42cb-b6f5-0585aadd825d_esp_secure_cert.bin,dfad4f06-966d-42cb-b6f5-0585aadd825d-partition.bin,MT:Y1CA08-E157OJ956K10,2213-824-4210,2397,72438662
,,A09000944,Polyaire-DAC-0x146D-0x0001-A09000944-Cert,2f657d5b-95da-49e4-b41d-91ca4dc12aff_esp_secure_cert.bin,2f657d5b-95da-49e4-b41d-91ca4dc12aff-partition.bin,MT:Y1CA0UB-0315671XV10,0048-405-3107,123,87003880
,,A09000945,Polyaire-DAC-0x146D-0x0001-A09000945-Cert,a07bdb02-d3a3-46df-bfdd-7dd73e1c87cc_esp_secure_cert.bin,a07bdb02-d3a3-46df-bfdd-7dd73e1c87cc-partition.bin,MT:Y1CA0GAN16LJ-U1TN10,2401-584-6940,2750,76913886
,,A09000946,Polyaire-DAC-0x146D-0x0001-A09000946-Cert,24c5292d-d558-45b5-8df2-1506d4fb8c3d_esp_secure_cert.bin,24c5292d-d558-45b5-8df2-1506d4fb8c3d-partition.bin,MT:Y1CA0UB-03O71I1L.00,0060-052-8543,51,46765941
,,A09000947,Polyaire-DAC-0x146D-0x0001-A09000947-Cert,851a8a59-9f61-413a-ac09-79d4b2c1a009_esp_secure_cert.bin,851a8a59-9f61-413a-ac09-79d4b2c1a009-partition.bin,MT:Y1CA0UB-03DVKJ1LY00,2061-672-6262,2171,43030551
,,A09000948,Polyaire-DAC-0x146D-0x0001-A09000948-Cert,07ed1110-8dc6-4cf1-b77b-03b61bbe6da5_esp_secure_cert.bin,07ed1110-8dc6-4cf1-b77b-03b61bbe6da5-partition.bin,MT:Y1CA08-E15Q-P50JQ00,0169-932-0149,373,32997985
,,A09000949,Polyaire-DAC-0x146D-0x0001-A09000949-Cert,853d6e3a-b2d5-448c-9629-fa7899dc16cb_esp_secure_cert.bin,853d6e3a-b2d5-448c-9629-fa7899dc16cb-partition.bin,MT:Y1CA0EPJ01QUYI4KS00,1347-012-1698,1585,35538829
,,A09000950,Polyaire-DAC-0x146D-0x0001-A09000950-Cert,53eea820-92e9-41ac-94c7-86c3c32f58f2_esp_secure_cert.bin,53eea820-92e9-41ac-94c7-86c3c32f58f2-partition.bin,MT:Y1CA06DB0016LT09Z00,2359-352-6780,2696,43879519
,,A09000951,Polyaire-DAC-0x146D-0x0001-A09000951-Cert,ec2d4513-ae59-4b29-8ab2-0501bb7551b8_esp_secure_cert.bin,ec2d4513-ae59-4b29-8ab2-0501bb7551b8-partition.bin,MT:Y1CA0EPJ01UBAH2P610,0263-803-3945,257,55617292
,,A09000952,Polyaire-DAC-0x146D-0x0001-A09000952-Cert,027bdd49-ecff-4296-b9f6-6a96968621d3_esp_secure_cert.bin,027bdd49-ecff-4296-b9f6-6a96968621d3-partition.bin,MT:Y1CA06DB0047.V7DB10,3483-183-7511,3792,61471934
,,A09000953,Polyaire-DAC-0x146D-0x0001-A09000953-Cert,d241fd7e-aa14-4f2d-9280-6fde7327d2af_esp_secure_cert.bin,d241fd7e-aa14-4f2d-9280-6fde7327d2af-partition.bin,MT:Y1CA06DB00749C7D710,1625-873-4475,1944,56489083
,,A09000954,Polyaire-DAC-0x146D-0x0001-A09000954-Cert,46b959a9-91b8-4e3e-a2da-9f04ca0d77c8_esp_secure_cert.bin,46b959a9-91b8-4e3e-a2da-9f04ca0d77c8-partition.bin,MT:Y1CA0EPJ01B2XA41X10,0174-555-3990,345,88458287
,,A09000955,Polyaire-DAC-0x146D-0x0001-A09000955-Cert,ba6be09e-1520-4898-9152-7a0ebadb0614_esp_secure_cert.bin,ba6be09e-1520-4898-9152-7a0ebadb0614-partition.bin,MT:Y1CA06DB00Z9A913K00,0050-661-5263,72,25007050
,,A09000956,Polyaire-DAC-0x146D-0x0001-A09000956-Cert,411adbe3-c79a-45ab-be7f-1dc579d7e0e1_esp_secure_cert.bin,411adbe3-c79a-45ab-be7f-1dc579d7e0e1-partition.bin,MT:Y1CA0OMV172.DT04I10,1359-154-2645,1639,69864523
,,A09000957,Polyaire-DAC-0x146D-0x0001-A09000957-Cert,4c407729-3415-41a0-ae80-eab88f6fd6e2_esp_secure_cert.bin,4c407729-3415-41a0-ae80-eab88f6fd6e2-partition.bin,MT:Y1CA0EPJ01GMV33HG10,0617-804-1389,833,67809620
,,A09000958,Polyaire-DAC-0x146D-0x0001-A09000958-Cert,e2a716ff-3298-48f3-b459-3950bd6e027e_esp_secure_cert.bin,e2a716ff-3298-48f3-b459-3950bd6e027e-partition.bin,MT:Y1CA0UB-03GPSE12J10,3056-534-3369,3251,71046677
,,A09000959,Polyaire-DAC-0x146D-0x0001-A09000959-Cert,f67304be-cb18-40be-8ca2-69bb542e0b03_esp_secure_cert.bin,f67304be-cb18-40be-8ca2-69bb542e0b03-partition.bin,MT:Y1CA0GAN16C6D61QT00,2539-042-2567,2854,36967056
,,A09000960,Polyaire-DAC-0x146D-0x0001-A09000960-Cert,7895bd4b-edf1-4a13-98e2-3c7fe8434c34_esp_secure_cert.bin,7895bd4b-edf1-4a13-98e2-3c7fe8434c34-partition.bin,MT:Y1CA0EPJ01N1GI6S810,2100-253-5531,2153,58222377
,,A09000961,Polyaire-DAC-0x146D-0x0001-A09000961-Cert,c77891ed-a3ea-46bc-87be-85bf94a9885f_esp_secure_cert.bin,c77891ed-a3ea-46bc-87be-85bf94a9885f-partition.bin,MT:Y1CA06DB004MV80CA00,1500-980-7840,1824,12846002
,,A09000962,Polyaire-DAC-0x146D-0x0001-A09000962-Cert,96389271-72af-4d2a-88cd-64c39f2fbae9_esp_secure_cert.bin,96389271-72af-4d2a-88cd-64c39f2fbae9-partition.bin,MT:Y1CA00O6142SL73WJ00,0294-131-5082,436,24720101
,,A09000963,Polyaire-DAC-0x146D-0x0001-A09000963-Cert,28cad2e3-f811-4852-b468-f933852d3a93_esp_secure_cert.bin,28cad2e3-f811-4852-b468-f933852d3a93-partition.bin,MT:Y1CA0GAN16E9L658X00,2210-652-5251,2502,41374281
,,A09000964,Polyaire-DAC-0x146D-0x0001-A09000964-Cert,ea5f5579-366b-434f-a6d1-76d3fe53168f_esp_secure_cert.bin,ea5f5579-366b-434f-a6d1-76d3fe53168f-partition.bin,MT:Y1CA08-E15L9S-55Y10,2079-165-4833,2141,89841388
,,A09000965,Polyaire-DAC-0x146D-0x0001-A09000965-Cert,98def3bf-c406-482d-8d58-402169d43bd7_esp_secure_cert.bin,98def3bf-c406-482d-8d58-402169d43bd7-partition.bin,MT:Y1CA00O614LYNL0AT10,0023-185-1123,172,83757326
,,A09000966,Polyaire-DAC-0x146D-0x0001-A09000966-Cert,898a830b-440f-48eb-b1a6-bebfbb230d7b_esp_secure_cert.bin,898a830b-440f-48eb-b1a6-bebfbb230d7b-partition.bin,MT:Y1CA0GAN160.QP2MZ10,1436-685-5929,1782,91630228
,,A09000967,Polyaire-DAC-0x146D-0x0001-A09000967-Cert,e2beda2d-a65e-4500-b072-7cd49ff90c36_esp_secure_cert.bin,e2beda2d-a65e-4500-b072-7cd49ff90c36-partition.bin,MT:Y1CA0GAN16DHYJ6WN10,2429-524-7015,2590,77031368
,,A09000968,Polyaire-DAC-0x146D-0x0001-A09000968-Cert,123228ac-6847-4f13-a0f4-109757cf6212_esp_secure_cert.bin,123228ac-6847-4f13-a0f4-109757cf6212-partition.bin,MT:Y1CA0OMV17---E7L100,1464-960-1197,1639,1963424
,,A09000969,Polyaire-DAC-0x146D-0x0001-A09000969-Cert,7802cefe-fdcb-42e3-961f-887b62bcee73_esp_secure_cert.bin,7802cefe-fdcb-42e3-961f-887b62bcee73-partition.bin,MT:Y1CA06DB00F9O97B220,2459-245-9515,2664,97514340
,,A09000970,Polyaire-DAC-0x146D-0x0001-A09000970-Cert,88eefa5c-472c-4afa-9c5c-fde222b78c96_esp_secure_cert.bin,88eefa5c-472c-4afa-9c5c-fde222b78c96-partition.bin,MT:Y1CA0GAN169IS57U000,3455-070-0611,3694,1012163
,,A09000971,Polyaire-DAC-0x146D-0x0001-A09000971-Cert,fad9429e-9690-4acb-8670-f664cee0df9c_esp_secure_cert.bin,fad9429e-9690-4acb-8670-f664cee0df9c-partition.bin,MT:Y1CA06DB00EDN460I00,2576-971-3691,3008,22438241
,,A09000972,Polyaire-DAC-0x146D-0x0001-A09000972-Cert,4601ae4a-4dc7-441e-af02-fa34e2d44d9b_esp_secure_cert.bin,4601ae4a-4dc7-441e-af02-fa34e2d44d9b-partition.bin,MT:Y1CA06DB00O3LM4QD10,1350-913-9294,1648,64375059
,,A09000973,Polyaire-DAC-0x146D-0x0001-A09000973-Cert,d929e7e6-951b-4633-aa71-9fc394743c9c_esp_secure_cert.bin,d929e7e6-951b-4633-aa71-9fc394743c9c-partition.bin,MT:Y1CA06DB00E68Q32910,0314-113-5762,400,58604211
,,A09000974,Polyaire-DAC-0x146D-0x0001-A09000974-Cert,097664c8-0baf-48dd-b735-345a3aede7f0_esp_secure_cert.bin,097664c8-0baf-48dd-b735-345a3aede7f0-partition.bin,MT:Y1CA0EPJ01VP-Y38J10,3487-324-3487,3625,71253596
,,A09000975,Polyaire-DAC-0x146D-0x0001-A09000975-Cert,7aae2d7d-e8be-49b3-a176-a0222eb20353_esp_secure_cert.bin,7aae2d7d-e8be-49b3-a176-a0222eb20353-partition.bin,MT:Y1CA0OMV17UZV61XY00,2375-732-6507,2663,43422405
,,A09000976,Polyaire-DAC-0x146D-0x0001-A09000976-Cert,7c05f6e7-2af0-4756-a2e4-f6db17939b6f_esp_secure_cert.bin,7c05f6e7-2af0-4756-a2e4-f6db17939b6f-partition.bin,MT:Y1CA0GAN161L7B0KY10,0503-525-5120,798,90309808
,,A09000977,Polyaire-DAC-0x146D-0x0001-A09000977-Cert,fa82b5dd-f22d-4355-9672-75f5345ad0bc_esp_secure_cert.bin,fa82b5dd-f22d-4355-9672-75f5345ad0bc-partition.bin,MT:Y1CA08-E157KLA4XC10,2174-223-8670,2333,63357966
,,A09000978,Polyaire-DAC-0x146D-0x0001-A09000978-Cert,751e2cdc-afed-4b5d-a70e-2ce61bab783d_esp_secure_cert.bin,751e2cdc-afed-4b5d-a70e-2ce61bab783d-partition.bin,MT:Y1CA06DB00-KZ.0AN10,2368-334-6565,2560,76287969
,,A09000979,Polyaire-DAC-0x146D-0x0001-A09000979-Cert,a8906fae-0878-433f-a79c-ca81716c6c36_esp_secure_cert.bin,a8906fae-0878-433f-a79c-ca81716c6c36-partition.bin,MT:Y1CA08-E1554-G4ZK00,2508-741-5914,2925,26068666
,,A09000980,Polyaire-DAC-0x146D-0x0001-A09000980-Cert,4cada141-e8e2-4f28-968e-a02248d33ffe_esp_secure_cert.bin,4cada141-e8e2-4f28-968e-a02248d33ffe-partition.bin,MT:Y1CA0UB-03J69I1PM00,1551-791-7226,2011,28219275
,,A09000981,Polyaire-DAC-0x146D-0x0001-A09000981-Cert,06ed2da8-1357-4844-a228-bd65ebcee4ae_esp_secure_cert.bin,06ed2da8-1357-4844-a228-bd65ebcee4ae-partition.bin,MT:Y1CA0GAN16086P7PI10,2148-204-3077,2182,70580708
,,A09000982,Polyaire-DAC-0x146D-0x0001-A09000982-Cert,136266aa-3873-46a1-af70-23dfd022946a_esp_secure_cert.bin,136266aa-3873-46a1-af70-23dfd022946a-partition.bin,MT:Y1CA08-E15GLRJ76J00,2633-891-4572,2965,23885725
,,A09000983,Polyaire-DAC-0x146D-0x0001-A09000983-Cert,e8bfd44e-f8c3-40ac-9704-ba86528c667b_esp_secure_cert.bin,e8bfd44e-f8c3-40ac-9704-ba86528c667b-partition.bin,MT:Y1CA0M.R02VAFB2Z200,0093-670-2228,250,3646615
,,A09000984,Polyaire-DAC-0x146D-0x0001-A09000984-Cert,b6e602e2-bc1a-4eb0-b6fe-1f8062986770_esp_secure_cert.bin,b6e602e2-bc1a-4eb0-b6fe-1f8062986770-partition.bin,MT:Y1CA0OMV17T3210Q020,0164-975-8288,383,95486065
,,A09000985,Polyaire-DAC-0x146D-0x0001-A09000985-Cert,62a0beaf-83ff-4887-b24d-199e818dfac0_esp_secure_cert.bin,62a0beaf-83ff-4887-b24d-199e818dfac0-partition.bin,MT:Y1CA0OMV17ZY5Y6.Y00,2608-632-6597,2975,43576767
,,A09000986,Polyaire-DAC-0x146D-0x0001-A09000986-Cert,dcef00eb-1b16-43fd-ac31-5d103384ee4b_esp_secure_cert.bin,dcef00eb-1b16-43fd-ac31-5d103384ee4b-partition.bin,MT:Y1CA0M.R02423Q2L110,0437-083-0067,610,49261244
,,A09000987,Polyaire-DAC-0x146D-0x0001-A09000987-Cert,89612ae4-b810-403e-8542-c648f01b531d_esp_secure_cert.bin,89612ae4-b810-403e-8542-c648f01b531d-partition.bin,MT:Y1CA06DB00K5605SU00,3531-472-3378,4048,38293403
,,A09000988,Polyaire-DAC-0x146D-0x0001-A09000988-Cert,647ff07d-fde9-4097-bcb2-782b6f2cc9e4_esp_secure_cert.bin,647ff07d-fde9-4097-bcb2-782b6f2cc9e4-partition.bin,MT:Y1CA0M.R02LPCH2PL00,2591-541-6461,2970,26978066
,,A09000989,Polyaire-DAC-0x146D-0x0001-A09000989-Cert,496d11f6-0d34-474c-95de-3746e72bd383_esp_secure_cert.bin,496d11f6-0d34-474c-95de-3746e72bd383-partition.bin,MT:Y1CA0OMV17YWLE4YY00,0506-202-6532,823,43468220
,,A09000990,Polyaire-DAC-0x146D-0x0001-A09000990-Cert,27dbb5e5-cb87-44db-a5af-46df66741a83_esp_secure_cert.bin,27dbb5e5-cb87-44db-a5af-46df66741a83-partition.bin,MT:Y1CA0GAN165BL44WP10,3167-784-8530,3550,79511946
,,A09000991,Polyaire-DAC-0x146D-0x0001-A09000991-Cert,f6bc59ac-fad7-4670-810e-a3f036d4c4b7_esp_secure_cert.bin,f6bc59ac-fad7-4670-810e-a3f036d4c4b7-partition.bin,MT:Y1CA0UB-03VHBX0KW00,0035-692-4722,75,40504817
,,A09000992,Polyaire-DAC-0x146D-0x0001-A09000992-Cert,e7d40ccf-7668-4cdf-87de-12162b547599_esp_secure_cert.bin,e7d40ccf-7668-4cdf-87de-12162b547599-partition.bin,MT:Y1CA0M.R020L7U7H020,0481-285-8119,722,95222784
,,A09000993,Polyaire-DAC-0x146D-0x0001-A09000993-Cert,8d2c9ecd-6e01-435d-8732-40202e511add_esp_secure_cert.bin,8d2c9ecd-6e01-435d-8732-40202e511add-partition.bin,MT:Y1CA06DB00V4PK6PO10,1594-174-7637,2008,78047257
,,A09000994,Polyaire-DAC-0x146D-0x0001-A09000994-Cert,6583ee0a-613b-49c3-aa45-c9e0b9424322_esp_secure_cert.bin,6583ee0a-613b-49c3-aa45-c9e0b9424322-partition.bin,MT:Y1CA06DB0071P52UM00,2087-511-7329,2120,28385839
,,A09000995,Polyaire-DAC-0x146D-0x0001-A09000995-Cert,2115867c-a793-4ccc-8392-ce158db9fa15_esp_secure_cert.bin,2115867c-a793-4ccc-8392-ce158db9fa15-partition.bin,MT:Y1CA0OMV17B86Y2-U10,1609-585-2408,1823,85863966
,,A09000996,Polyaire-DAC-0x146D-0x0001-A09000996-Cert,4fa03699-92b1-48e4-b212-ecf558a1747d_esp_secure_cert.bin,4fa03699-92b1-48e4-b212-ecf558a1747d-partition.bin,MT:Y1CA0EPJ01S97L74H00,3143-941-3017,3249,21329978
,,A09000997,Polyaire-DAC-0x146D-0x0001-A09000997-Cert,af6983e7-cded-4112-ae64-15c62aa3bd10_esp_secure_cert.bin,af6983e7-cded-4112-ae64-15c62aa3bd10-partition.bin,MT:Y1CA08-E15V.H81RY00,2377-482-6388,2701,43225972
,,A09000998,Polyaire-DAC-0x146D-0x0001-A09000998-Cert,ce8a4571-d3b6-415c-91a0-09e4a4e3a569_esp_secure_cert.bin,ce8a4571-d3b6-415c-91a0-09e4a4e3a569-partition.bin,MT:Y1CA0EPJ01O.2B7A500,0133-110-4018,177,6583295
,,A09000999,Polyaire-DAC-0x146D-0x0001-A09000999-Cert,5e0d5223-b6aa-45ce-82b9-c1d2b4c07429_esp_secure_cert.bin,5e0d5223-b6aa-45ce-82b9-c1d2b4c07429-partition.bin,MT:Y1CA0UB-035-NO4AR00,3025-452-0736,3275,33966577
